{"cameraMode":{"drawMode":0,"name":"Shaded","section":"Shading Mode"},"sceneLighting":true,"audioPlay":false,"sceneViewState":{"showFog":true,"showMaterialUpdate":false,"showSkybox":true,"showFlares":true,"showImageEffects":true,"showParticleSystems":true},"in2DMode":false,"pivot":{"x":1.3997160196304322,"y":4.893289566040039,"z":-3.148916244506836},"rotation":{"x":-0.22095543146133424,"y":0.25935500860214236,"z":-0.06107885763049126,"w":-0.9381855726242065},"size":24.882734298706056,"orthographic":false}