{"cameraMode":{"drawMode":0,"name":"Shaded","section":"Shading Mode"},"sceneLighting":false,"audioPlay":false,"sceneViewState":{"showFog":true,"showMaterialUpdate":false,"showSkybox":false,"showFlares":true,"showImageEffects":true,"showParticleSystems":true},"in2DMode":false,"pivot":{"x":478.8739318847656,"y":2.049999952316284,"z":485.1347351074219},"rotation":{"x":-0.05766253545880318,"y":0.9138210415840149,"z":-0.13980251550674439,"w":-0.3769124150276184},"size":4.041658401489258,"orthographic":false}