{"cameraMode":{"drawMode":0,"name":"Shaded","section":"Shading Mode"},"sceneLighting":true,"audioPlay":false,"sceneViewState":{"showFog":true,"showMaterialUpdate":false,"showSkybox":true,"showFlares":true,"showImageEffects":true,"showParticleSystems":true},"in2DMode":false,"pivot":{"x":478.8739318847656,"y":2.049999952316284,"z":485.1347351074219},"rotation":{"x":-0.04940006881952286,"y":0.9491906762123108,"z":-0.24470490217208863,"w":-0.19161947071552277},"size":3.1416585445404054,"orthographic":false}