{"cameraMode":{"drawMode":0,"name":"Shaded","section":"Shading Mode"},"sceneLighting":false,"audioPlay":false,"sceneViewState":{"showFog":true,"showMaterialUpdate":false,"showSkybox":false,"showFlares":true,"showImageEffects":true,"showParticleSystems":true},"in2DMode":false,"pivot":{"x":554.969970703125,"y":3.299999952316284,"z":629.602783203125},"rotation":{"x":-0.00948976818472147,"y":0.9687260389328003,"z":-0.24509741365909577,"w":-0.03750742971897125},"size":0.5714836120605469,"orthographic":false}