{"cameraMode":{"drawMode":0,"name":"Shaded","section":"Shading Mode"},"sceneLighting":true,"audioPlay":false,"sceneViewState":{"showFog":true,"showMaterialUpdate":false,"showSkybox":true,"showFlares":true,"showImageEffects":true,"showParticleSystems":true},"in2DMode":false,"pivot":{"x":1.6501951217651368,"y":-1.3170809745788575,"z":-5.205697536468506},"rotation":{"x":0.08211909234523773,"y":-0.8931437134742737,"z":0.181979238986969,"w":0.40303686261177065},"size":11.925186157226563,"orthographic":true}