{"cameraMode":{"drawMode":0,"name":"Shaded","section":"Shading Mode"},"sceneLighting":false,"audioPlay":false,"sceneViewState":{"showFog":true,"showMaterialUpdate":false,"showSkybox":false,"showFlares":true,"showImageEffects":true,"showParticleSystems":true},"in2DMode":false,"pivot":{"x":403.5519714355469,"y":16.13963508605957,"z":451.8076171875},"rotation":{"x":0.0005507835885509849,"y":0.9970821738243103,"z":0.07611523568630219,"w":-0.007176374085247517},"size":10.4652738571167,"orthographic":false}