{"cameraMode":{"drawMode":0,"name":"Shaded","section":"Shading Mode"},"sceneLighting":false,"audioPlay":false,"sceneViewState":{"showFog":true,"showMaterialUpdate":false,"showSkybox":false,"showFlares":true,"showImageEffects":true,"showParticleSystems":true},"in2DMode":false,"pivot":{"x":277.5093688964844,"y":1.674394130706787,"z":314.8257751464844},"rotation":{"x":0.4574277102947235,"y":-0.2618902325630188,"z":0.1430078148841858,"w":0.8376950621604919},"size":1385.17626953125,"orthographic":false}