{"cameraMode":{"drawMode":0,"name":"Shaded","section":"Shading Mode"},"sceneLighting":false,"audioPlay":false,"sceneViewState":{"showFog":true,"showMaterialUpdate":false,"showSkybox":false,"showFlares":true,"showImageEffects":true,"showParticleSystems":true},"in2DMode":false,"pivot":{"x":478.58404541015627,"y":2.7617990970611574,"z":485.6031799316406},"rotation":{"x":-0.007355565205216408,"y":-0.8460038304328919,"z":0.01168731041252613,"w":-0.5330094695091248},"size":2.856102466583252,"orthographic":false}