{"cameraMode":{"drawMode":0,"name":"Shaded","section":"Shading Mode"},"sceneLighting":false,"audioPlay":false,"sceneViewState":{"showFog":true,"showMaterialUpdate":false,"showSkybox":false,"showFlares":true,"showImageEffects":true,"showParticleSystems":true},"in2DMode":false,"pivot":{"x":554.969970703125,"y":3.299999952316284,"z":629.602783203125},"rotation":{"x":0.013437751680612564,"y":-0.0955495536327362,"z":0.0012922154273837805,"w":0.9953398108482361},"size":0.5714836120605469,"orthographic":false}